"""Minion"" by Teresa Medina #Trazos | Resultados profesionales en portfolios de alumnos #Character #Design #ConceptArt http://t.co/AUtDJLEwM3",Mon Jun 29 09:33:00 +0000 2015,Madrid
"RT @Trazos: ""Minion"" by Teresa Medina #Trazos | Resultados profesionales en portfolios de alumnos #Character #Design #ConceptArt http://t.câ€¦",Mon Jun 29 09:33:11 +0000 2015,Pacific Time (US & Canada)
Il nuovo colore #Pantone: Ã¨ il #giallo #Minion | http://t.co/ZKmIQJHp1H â€¦ via @wireditalia #cattivissimome @pantone @wireditalia,Mon Jun 29 09:33:21 +0000 2015,Rome
Guard minion. Yaaaaaay! It seems childish but nah.. https://t.co/jCkzv13kBv,Mon Jun 29 09:33:26 +0000 2015,Taipei
Finalmente un nuovo colore #Pantone: Ã¨ il #giallo #Minion | http://t.co/ZKmIQJHp1H â€¦ via @wireditalia #cattivissimome @pantone,Mon Jun 29 09:33:43 +0000 2015,Rome
RT @McDo_PH: Watch out for Minion Caveman and his weapon--a banana! #MinionsAtMcDo http://t.co/W0fqWumwrX,Mon Jun 29 09:33:45 +0000 2015,NULL
Our Minion Club commences after the school holidays. ......,Mon Jun 29 09:33:45 +0000 2015,NULL
NULL,NULL,NULL
NULL,Melbourne,NULL
minion na laruan ng pls :(,Mon Jun 29 09:33:56 +0000 2015,Beijing
GET MINION COMMERCIALS OFF MY TL,Mon Jun 29 09:34:04 +0000 2015,NULL
Il nuovo #colore #Pantone: Ã¨ il #giallo #Minion | http://t.co/ZKmIQJHp1H â€¦ â€¦ via @wireditalia #cattivissimome @pantone,Mon Jun 29 09:34:05 +0000 2015,Rome
i love minion yaoi http://t.co/U7k05yV4RQ,Mon Jun 29 09:34:36 +0000 2015,Rome
@hilmiaiman96 @amirul_ashrafff acap ajak minion. Aku x nak. Kau dgn dia je la,Mon Jun 29 09:34:42 +0000 2015,Kuala Lumpur
"Going to the cinema at the weekend,and I can't choose between the minion movie, Jurassic world or San AndreasðŸ˜©ðŸŽ¥ #toomanytopickfrom any help?",Mon Jun 29 09:34:49 +0000 2015,NULL
"""What can [our company] bring to them?"" STOP THEM FROM MAKING MINION ADVERTISEMENTS",Mon Jun 29 09:34:52 +0000 2015,Atlantic Time (Canada)
